group,detector,tracker,status,base,v7f,dH,dM,dI,dS,FP,FN,P,R,mean_latency_ms,p95_latency_ms,fps,controller_ms
VisDrone val-7,YOLOv8n,ByteTrack,D,31.72,33.89,"+2.17 [+1.20, +3.58]",+1.07,+3.90,-115,"9,740 -> 9,552","45,768 -> 45,351",68.90 -> 69.72,32.04 -> 32.66,92.82,96.06,10.774,5.23
VisDrone val-7,RT-DETR-L,ByteTrack,D,36.76,41.06,"+4.30 [+2.25, +6.42]",+27.27,+6.13,-671,"42,646 -> 14,074","28,065 -> 38,946",47.95 -> 66.86,58.33 -> 42.17,1224.07,1293.81,0.817,7.38
VisDrone val-7,YOLOv8n,BoT-SORT,D,35.99,36.60,"+0.61 [-0.05, +1.54]",+0.94,+0.83,-54,"11,637 -> 10,721","43,792 -> 44,127",66.9 -> 68.4,35.0 -> 34.5,n/m,n/m,n/m,n/m
VisDrone val-7,RT-DETR-L,BoT-SORT,D,41.41,43.56,"+2.15 [+0.16, +4.50]",+34.88,+2.35,-274,"51,836 -> 16,242","24,310 -> 36,691",45.4 -> 65.4,63.9 -> 45.5,n/m,n/m,n/m,n/m
VisDrone val-7,YOLOv8n,OC-SORT,D,19.04,33.90,"+14.86 [+12.32, +19.50]",+10.23,+20.18,+75,"798 -> 6,724","60,423 -> 47,531",89.7 -> 74.7,10.3 -> 29.4,n/m,n/m,n/m,n/m
VisDrone val-7,RT-DETR-L,OC-SORT,D,35.24,42.00,"+6.76 [+2.88, +11.82]",+2.45,+9.75,-52,"2,736 -> 8,185","48,710 -> 41,660",87.2 -> 75.8,27.7 -> 38.1,n/m,n/m,n/m,n/m
VisDrone val-7,RetinaNet,ByteTrack,U,27.92,31.93,"+4.01 [+2.25, +5.46]",+9.12,+5.81,-158,"32,229 -> 26,911","42,892 -> 42,226",43.1 -> 48.3,36.3 -> 37.3,952.27,971.14,1.050,13.14
VisDrone val-7,RetinaNet,BoT-SORT,U,31.73,34.67,"+2.94 [+1.28, +4.54]",+11.00,+4.55,-86,"37,619 -> 30,274","40,306 -> 40,327",41.8 -> 47.2,40.1 -> 40.1,n/m,n/m,n/m,n/m
KITTI train,YOLOv8n,ByteTrack,D,45.31,45.37,"+0.06 [-1.19, +1.24]",-1.87,+1.49,-271,n/r,n/r,n/r,n/r,n/m,n/m,n/m,n/m
KITTI train,YOLOv8n,BoT-SORT,D,49.21,n/r,"-1.02 [-2.43, +0.25]",-2.43,+0.35,-227,n/r,n/r,n/r,n/r,n/m,n/m,n/m,n/m
KITTI train,YOLOv8n,OC-SORT,D,36.27,44.17,"+7.91 [+5.47, +9.98]",+9.40,+9.60,+79,n/r,n/r,n/r,n/r,n/m,n/m,n/m,n/m
KITTI train,RT-DETR-L,ByteTrack,D,50.73,51.64,"+0.91 [+0.22, +1.55]",+5.98,+3.87,-297,n/r,n/r,n/r,n/r,n/m,n/m,n/m,n/m
KITTI train,RT-DETR-L,BoT-SORT,D,53.91,n/r,"+0.61 [-0.39, +1.61]",+7.86,+3.10,-226,n/r,n/r,n/r,n/r,n/m,n/m,n/m,n/m
KITTI train,RT-DETR-L,OC-SORT,D,52.64,52.83,"+0.19 [-0.57, +1.19]",-0.57,+0.04,-4,n/r,n/r,n/r,n/r,n/m,n/m,n/m,n/m
MOT17 val-half,YOLOX-X,SparseTrack,D,68.876,68.931,"+0.055 [-0.011, +0.254]",+0.078,+0.156,+7,"2,231 -> 2,249","9,582 -> 9,515",95.206 -> 95.176,82.219 -> 82.344,n/m,n/m,n/m,n/m
MOT17 val-half,YOLOX-X,BoostTrack (online),D,68.492,68.492,0 (identical),0,0,0,"1,637 -> 1,637","11,452 -> 11,452",96.286 -> 96.286,78.749 -> 78.749,n/m,n/m,n/m,n/m
MOT17 val-half,YOLOX-X,ByteTrack (official),D,67.698,67.684,"-0.014 [-0.058, +0.009]",+0.058,-0.031,+4,"2,592 -> 2,622","9,263 -> 9,198",94.511 -> 94.458,82.811 -> 82.932,n/m,n/m,n/m,n/m
MOT17 val-half,YOLOX-X,ByteTrack (library),D,66.000,66.000,0 (identical),0,0,0,"5,722 -> 5,722","7,458 -> 7,458",89.029 -> 89.029,86.161 -> 86.161,n/m,n/m,n/m,n/m
MOT17 val-half,YOLOX-X,OC-SORT,D,66.428,67.041,"+0.613 [+0.363, +1.241]",+1.267,+0.656,-8,"1,303 -> 2,198","12,135 -> 10,565",96.974 -> 95.172,77.482 -> 80.395,n/m,n/m,n/m,n/m
MOT17 val-half,YOLOX-X,PD-SORT,P,68.011,68.624,"+0.613 [+0.268, +1.646]",+1.128,+0.817,+2,"1,304 -> 1,985","11,940 -> 10,649",96.985 -> 95.611,77.844 -> 80.239,n/m,n/m,n/m,n/m
MOT17 val-half,YOLOX-X,Hybrid-SORT,P,66.698,66.698,0 (identical),0,0,0,"3,707 -> 3,707","9,228 -> 9,228",92.336 -> 92.336,82.876 -> 82.876,n/m,n/m,n/m,n/m
MOT17 val-half,YOLOX-X,C-TWiX,X,77.550,77.495,"-0.055 [-0.456, +0.398]",+0.242,+0.175,-57,"846 -> 1,323","4,223 -> 3,672",98.330 -> 97.441,92.186 -> 93.205,n/m,n/m,n/m,n/m
KITTIMOTS val,PermaTrack,C-TWiX (car),X,89.266,87.745,"-1.521 [-4.053, -0.134]",-2.106,-1.213,-2,62 -> 62,56 -> 217,99.179 -> 99.161,99.258 -> 97.125,n/m,n/m,n/m,n/m
KITTIMOTS val,PermaTrack,C-TWiX (ped.),X,70.772,70.670,"-0.103 [-2.163, +0.034]",-0.306,-0.010,-11,118 -> 121,338 -> 356,96.131 -> 96.013,89.664 -> 89.113,n/m,n/m,n/m,n/m
DanceTrack val,released,C-TWiX,X,59.615,58.610,"-1.005 [-2.622, +0.646]",+0.127,-1.549,+148,"4,311 -> 5,568","18,134 -> 16,443",97.960 -> 97.401,91.946 -> 92.697,n/m,n/m,n/m,n/m
DanceTrack val,released,TrackTrack,X,62.961,62.948,"-0.013 [-0.032, -0.001]",-0.073,+0.009,+2,"6,900 -> 6,912","8,611 -> 8,762",96.912 -> 96.905,96.175 -> 96.108,n/m,n/m,n/m,n/m
