system,sequence,HOTA,DetA,AssA,MOTA,IDF1,IDS,FN,FP
Baseline_Frozen,M0203,0.3382278512191929,0.2508738423879037,0.4564641299463282,0.282336578581363,0.4372856077554064,19,3477,116
Baseline_Frozen,M0205,0.5524174559582156,0.5044531204152903,0.6089630893259649,0.562176662195823,0.6886532343584305,23,1635,627
Baseline_Frozen,M0208,0.0,0.0,0.0,0.0,0.0,0,784,0
Baseline_Frozen,M0209,0.2998528497816501,0.262820145725427,0.34885359156224394,0.24125183249410415,0.4386869679109365,46,9402,2456
Baseline_Frozen,M0403,0.2553450663596351,0.1892884148156858,0.3513277292499999,0.2325105596620908,0.31249186219108877,71,22697,490
Baseline_Frozen,M0601,0.02447236314495633,0.005449083094874123,0.1103242281828313,-0.009343065693430658,0.015380233551694674,0,10194,177
Baseline_Frozen,M0602,0.00363377668899606,0.00024589710945281716,0.05369999315079802,-0.002480432146400617,0.0006593768888400462,0,18136,51
Baseline_Frozen,M0606,0.11025248517299288,0.06653753201090166,0.18318493147837533,0.0590117109397315,0.11979405617576591,31,15917,524
Baseline_Frozen,M0701,0.0,0.0,0.0,-0.0003447727152177372,0.0,0,75412,26
Baseline_Frozen,M0801,0.2219229727475882,0.08128217180523722,0.6077007424405549,0.09553819006806151,0.16371579673488157,3,3585,0
Baseline_Frozen,M0802,0.4021981215497725,0.3419037692873112,0.47673722779194844,0.3527100049123956,0.5424717179178168,79,14655,5031
Baseline_Frozen,M1001,0.18238979215088288,0.12409968589140839,0.2860696014658865,0.10466129942054253,0.20889748549323017,31,16066,1363
Baseline_Frozen,M1004,0.0,0.0,0.0,-0.0004092490280335584,0.0,0,4887,2
Baseline_Frozen,M1007,0.17202816356725284,0.0729000307121947,0.4076399744549965,0.019755826859045506,0.16529543754674644,4,4037,375
Baseline_Frozen,M1009,0.013674943463515589,0.0058529567366942745,0.03253109239916857,-0.0050975394569159884,0.01174884437596302,3,10134,116
Baseline_Frozen,M1101,0.34675672856192774,0.27872683666445647,0.43489141415076316,0.03261434511434511,0.4807863031071655,25,3521,3899
Baseline_Frozen,M1301,0.21147622695321536,0.17189152152316486,0.26399726858419936,0.17342605372120182,0.31152635320402156,95,28582,2465
Baseline_Frozen,M1302,0.16582602575109792,0.1435096933304548,0.19271877969353643,0.1525819265143992,0.24024,65,16141,861
Baseline_Frozen,M1303,0.4586672572513746,0.46228296215688486,0.45790205456372773,0.6015370972509607,0.6884389984017049,44,2764,1236
Baseline_Frozen,M1401,0.3037705325176742,0.24318192855953136,0.37995214160463353,0.14639470118922174,0.46272255192878337,19,8163,3159
V1_Trial24_Frozen,M0203,0.3231496594511465,0.22992987560861336,0.4556955352744906,0.2547188555533479,0.4152542372881356,11,3599,141
V1_Trial24_Frozen,M0205,0.5638280734802041,0.5024492237927041,0.6342714030201148,0.5746311553937536,0.713543394140409,7,1803,410
V1_Trial24_Frozen,M0208,0.0,0.0,0.0,-0.017857142857142856,0.0,0,784,14
V1_Trial24_Frozen,M0209,0.3817097491715125,0.3347129077854387,0.44255362882886773,0.3325897125374466,0.545744438539215,23,7742,2706
V1_Trial24_Frozen,M0403,0.32335357586757113,0.22120902000512882,0.4788280502154354,0.2660044878563886,0.4203669910786699,27,21684,532
V1_Trial24_Frozen,M0601,0.1290678101526161,0.0499324334725425,0.33388659153447714,0.04710462287104623,0.11024320965737618,11,9532,248
V1_Trial24_Frozen,M0602,0.0367027415762971,0.003552531371439539,0.38155098650367264,0.0018741042883915775,0.008865539320308652,1,18059,48
V1_Trial24_Frozen,M0606,0.13006930961213428,0.08517568514476358,0.20054268438464015,0.06003998857469294,0.15673193135122068,39,15370,1045
V1_Trial24_Frozen,M0701,0.0,0.0,0.0,-3.9781467140508144e-05,0.0,0,75412,3
V1_Trial24_Frozen,M0801,0.20711858724740975,0.09042986149788688,0.47449088181736865,0.10410889841189816,0.18413275744487384,3,3543,8
V1_Trial24_Frozen,M0802,0.45335566496024987,0.37787807519940386,0.5456815911331664,0.4147371868347798,0.6294033138588258,36,13350,4485
V1_Trial24_Frozen,M1001,0.23295778409992954,0.1719477862305188,0.32156545039313267,0.19086200707656018,0.3119750419966403,19,14880,880
V1_Trial24_Frozen,M1004,0.0023951111813512696,0.0005600029599787988,0.010275350995572603,0.0006138735420503376,0.0012267429973420569,1,4883,0
V1_Trial24_Frozen,M1007,0.14910420332264143,0.05690702442801938,0.39307253559414274,-0.04350721420643729,0.13505059797608096,0,4138,563
V1_Trial24_Frozen,M1009,0.017091624633732296,0.0072260517357733275,0.040765426857675424,0.006371924321144986,0.017236370678803136,3,10104,29
V1_Trial24_Frozen,M1101,0.37344154007253866,0.2812460519256889,0.4979149148388962,-0.052624740124740124,0.5001187366421278,9,3320,4772
V1_Trial24_Frozen,M1301,0.26993120965496,0.21174772589405744,0.3455151600476543,0.23670241002229536,0.404604679584475,61,26659,2038
V1_Trial24_Frozen,M1302,0.24513199396477364,0.213395466138721,0.28235201712570074,0.25590863952333665,0.3692778731984169,48,14218,720
V1_Trial24_Frozen,M1303,0.5701788434027868,0.5394630588734419,0.604817714209175,0.6829244260518278,0.8093902565700634,16,2123,1079
V1_Trial24_Frozen,M1401,0.35058991444940313,0.2888613855065789,0.4257253986635483,0.22068342616287823,0.5385842119252237,6,7173,3175
V2_Trial22_Frozen,M0203,0.21303582763148202,0.1281762157716794,0.35423858182707973,0.1444466520961653,0.26003758756193407,7,4256,43
V2_Trial22_Frozen,M0205,0.5662393621303433,0.5048012090021442,0.6363068350972958,0.5914926231078751,0.7245367770915216,5,1830,297
V2_Trial22_Frozen,M0208,0.0,0.0,0.0,0.0,0.0,0,784,0
V2_Trial22_Frozen,M0209,0.36940792874050543,0.31610944410648534,0.4383016517981237,0.3196507106890178,0.534844370991225,19,8310,2345
V2_Trial22_Frozen,M0403,0.2982173512294758,0.19690144015049937,0.458004345667801,0.23779039070749736,0.3775913000287559,33,22710,355
V2_Trial22_Frozen,M0601,0.11870325931971025,0.04270374864748469,0.33060996299365886,0.043114355231143556,0.09720468890892696,8,9642,182
V2_Trial22_Frozen,M0602,0.032083209331736494,0.002596074177509523,0.3969686266627194,0.002039466431484952,0.005927226826189562,4,18082,19
V2_Trial22_Frozen,M0606,0.10618711690636454,0.06923999849305833,0.16585208816419064,0.04992859183090546,0.12034126627750337,42,15778,811
V2_Trial22_Frozen,M0701,0.0,0.0,0.0,0.0,0.0,0,75412,0
V2_Trial22_Frozen,M0801,0.20047314056830134,0.06987665493329975,0.576014064036203,0.0783967733803882,0.14926761218321322,3,3643,10
V2_Trial22_Frozen,M0802,0.44160952108197754,0.3667849495897993,0.5333096770630713,0.40409366300966104,0.6132339966669934,27,14117,4052
V2_Trial22_Frozen,M1001,0.17705374443444385,0.11619052718579558,0.2707378383502895,0.12440387672427056,0.21646998018778535,23,16418,634
V2_Trial22_Frozen,M1004,0.0,0.0,0.0,0.0,0.0,0,4887,0
V2_Trial22_Frozen,M1007,0.11485013616203599,0.03314959054838108,0.40083797149677314,-0.0015538290788013318,0.08105906313645621,0,4306,206
V2_Trial22_Frozen,M1009,0.001504019887971376,0.000585999831124621,0.0038967129908749868,-0.003333006567983531,0.000975800156128025,3,10193,39
V2_Trial22_Frozen,M1101,0.3686922487890868,0.2814506055947364,0.48504439848848707,0.02468814968814969,0.49743128692525046,10,3658,3838
V2_Trial22_Frozen,M1301,0.24703204795509473,0.1892465321829346,0.32374025016325536,0.2100806879711222,0.36925521512385917,61,27982,1718
V2_Trial22_Frozen,M1302,0.23535714918930872,0.190718961402242,0.2910611812753784,0.2279046673286991,0.3601399946155917,37,14896,617
V2_Trial22_Frozen,M1303,0.5651794505574395,0.5260859241686409,0.608967304173129,0.6667651985417282,0.81441059602649,17,2394,971
V2_Trial22_Frozen,M1401,0.34090669663600626,0.2804355731565595,0.4146192397881866,0.23031762757790156,0.5217391304347826,9,7596,2621
