system,sequence,HOTA,DetA,AssA,MOTA,IDF1,IDS,FN,FP,frames,processing_seconds,FPS
Baseline_Default,uav0000009_03358_v,0.25480725763270357,0.16742576346384314,0.4048538516642383,0.1857645998853305,0.26707212269451974,88,9572,281,219,7.331416710002941,29.871443496206908
Baseline_Default,uav0000073_00600_v,0.2154159558985387,0.15810767039412324,0.2948578179442294,0.1982047198494281,0.29539951573849876,53,10859,164,328,8.097275629997512,40.507451516764135
Baseline_Default,uav0000073_04464_v,0.2222295696374041,0.12729915946860804,0.3904911859322845,0.1509965490527502,0.242498505678422,72,23687,351,312,9.799806078996426,31.837364687113396
Baseline_Default,uav0000077_00720_v,0.3515346214784245,0.3353299486763953,0.3743205116436173,0.31978029338870656,0.38632345966455395,90,8365,1700,780,19.65449816101136,39.68557190370225
Baseline_Default,uav0000088_00290_v,0.15646021974907617,0.15228286007185174,0.16317504447599143,0.1687831909489725,0.17585784313725492,158,10154,488,296,8.545770724997055,34.63701631196079
Baseline_Default,uav0000119_02301_v,0.42265985954033497,0.2883083945114951,0.6240154320330538,0.2892949168423518,0.4996857322438718,10,2599,425,179,4.314163441001256,41.49124214878068
Baseline_Default,uav0000120_04775_v,0.3233309356898348,0.24643508855364563,0.4285851739599309,0.23707114026236126,0.3979176399919909,127,21271,2796,1000,28.813111855994066,34.706421333382195
Baseline_Default,uav0000161_00000_v,0.365297262247324,0.24932982540725476,0.5402575592392963,0.14080849141824753,0.3915425681371172,35,5525,2049,308,9.527752415996929,32.32661666175051
Baseline_Default,uav0000188_00000_v,0.22235486694714357,0.1312380964550604,0.382464678501357,0.13730222579780102,0.26477385275668536,27,6118,289,260,5.866400143998362,44.32019528466597
Baseline_Default,uav0000201_00000_v,0.15720261843876543,0.19582793864684792,0.12769622598488295,0.18277815934065933,0.22714994660468624,122,8387,1010,677,16.032132932999048,42.22769377158334
Baseline_Default,uav0000249_00001_v,0.26012181790307365,0.22697711137840124,0.3018874856320491,0.2606478290833908,0.3357998957790516,85,5097,182,360,8.815912900002331,40.83524917764385
Baseline_Default,uav0000249_02688_v,0.2637470106036704,0.23642280735619406,0.2961213749789598,0.24256419730278958,0.3556400162888557,91,3734,275,244,6.966311024999413,35.02571147403235
Baseline_Default,uav0000297_00000_v,0.29653929205565965,0.25698100370382565,0.34587720462880234,0.262202562538133,0.3907427341227126,97,4281,459,146,4.846172094000849,30.126870686399197
Baseline_Default,uav0000297_02761_v,0.2767736019906991,0.16727644576392098,0.4805585868378241,0.14678635547576302,0.3067576150893375,75,21588,2099,373,13.923713067002154,26.788831269726014
Baseline_Default,uav0000306_00230_v,0.35629891221101573,0.285877042388196,0.45128693231552863,0.2536025879815704,0.45001830831197365,44,5793,1777,420,12.491219913999885,33.62361746023487
Baseline_Default,uav0000355_00001_v,0.342980157389565,0.23550515058904495,0.5095796797430138,0.13708754033517226,0.37523553162853296,52,6296,1942,468,12.458546658996056,37.56457416821303
Baseline_Default,uav0000370_00001_v,0.07099454820545968,0.04798155421932689,0.10521847794350736,0.04929577464788732,0.07142857142857142,9,1725,21,265,4.155718173001333,63.767558089390924
Old_ACMOT_Frozen,uav0000009_03358_v,0.3121952121114382,0.24604916361530105,0.41681409444283035,0.2862642313047752,0.36478365384615385,106,8193,415,219,6.3260142100007215,34.618954799972705
Old_ACMOT_Frozen,uav0000073_00600_v,0.25708762157080084,0.1823727979039426,0.3633094667500662,0.22404806717822498,0.35263967196309587,40,10374,305,328,6.697377328999664,48.974394585737166
Old_ACMOT_Frozen,uav0000073_04464_v,0.2572706149782762,0.1594438937855074,0.4173567727939873,0.19011902246637088,0.3043155187196342,43,22381,575,312,7.697395212999254,40.53319225094467
Old_ACMOT_Frozen,uav0000077_00720_v,0.3751005048995901,0.3603152550208647,0.3973711521479246,0.321119967847813,0.4167410171141212,99,7618,2418,780,15.952802559001157,48.89423015894442
Old_ACMOT_Frozen,uav0000088_00290_v,0.2124257820340125,0.2219253301136557,0.20614694003668493,0.2228892480566459,0.2562536825753924,146,8634,1317,296,7.797261325000818,37.96204688573381
Old_ACMOT_Frozen,uav0000119_02301_v,0.4503659309732524,0.3199882931057314,0.6376828121079826,0.3059264464745842,0.5507674144037781,3,2361,599,179,3.5777744169981816,50.03110289725429
Old_ACMOT_Frozen,uav0000120_04775_v,0.3537449338654635,0.28471557832392924,0.4447333678962067,0.25577068617558024,0.4452530734755972,117,19133,4351,1000,24.973260606990607,40.04282883749975
Old_ACMOT_Frozen,uav0000161_00000_v,0.43446025847821884,0.2978238496860839,0.640157920089617,0.19704155374887083,0.5151611873603574,16,4571,2524,308,8.535030213996833,36.08657406916993
Old_ACMOT_Frozen,uav0000188_00000_v,0.28378385732392886,0.20604937153025332,0.39568635586998174,0.1700187717886833,0.3641929499072356,20,5153,1017,260,6.038891794000392,43.054257116894966
Old_ACMOT_Frozen,uav0000201_00000_v,0.2098716144997624,0.23977302782996854,0.18556717054844465,0.20449862637362637,0.29502982107355863,91,7433,1742,677,14.422761802991772,46.93969222036012
Old_ACMOT_Frozen,uav0000249_00001_v,0.3245786170957561,0.30085804940300515,0.3547662253831792,0.3505168849069607,0.43172652198962935,78,4365,269,360,7.546279202007554,47.7056295378295
Old_ACMOT_Frozen,uav0000249_02688_v,0.31848194298363675,0.29203121296979423,0.34934214503842503,0.3057454276741179,0.42419697537807777,59,3262,437,244,5.629380855004456,43.34402064537644
Old_ACMOT_Frozen,uav0000297_00000_v,0.35785378173147125,0.32860833548954976,0.3936178602633622,0.33740085417937765,0.4795470077125842,117,3548,679,146,5.2229577880011675,27.95350947223994
Old_ACMOT_Frozen,uav0000297_02761_v,0.3193605156475911,0.2107544804469278,0.5035598229129222,0.182262118491921,0.36960911208904995,58,19893,2823,373,11.649077085000044,32.019703988421035
Old_ACMOT_Frozen,uav0000306_00230_v,0.38570208039225173,0.30299769638065727,0.5006815879101673,0.20056857170865602,0.4967384750315189,34,5140,2981,420,11.631616534994919,36.108480599956735
Old_ACMOT_Frozen,uav0000355_00001_v,0.4025213115270145,0.2893010671052046,0.5715288462911654,0.187363380868117,0.48582310622090563,26,5227,2554,468,10.949258088996885,42.74262202936855
Old_ACMOT_Frozen,uav0000370_00001_v,0.09207590900259437,0.06402744874411576,0.13292218385610474,0.07475622968580715,0.08768472906403942,8,1681,19,265,3.4926872309979444,75.87281152692368
New_ACMOT_Frozen,uav0000009_03358_v,0.30430147715247324,0.2576143227384126,0.37739796570702955,0.2993693177164387,0.3485843985186955,124,8053,377,219,7.637250390002237,28.67524158782175
New_ACMOT_Frozen,uav0000073_00600_v,0.2757288020800239,0.21402234333035808,0.3566558774221587,0.25922976690314176,0.37520102035157765,54,9887,292,328,7.756046808002111,42.289584903174394
New_ACMOT_Frozen,uav0000073_04464_v,0.2711989242410192,0.17525448222067058,0.422256511480166,0.20878230861328262,0.32456710262421967,44,21910,515,312,9.282649134000394,33.61109479590363
New_ACMOT_Frozen,uav0000077_00720_v,0.38144989211658187,0.36671444922790747,0.40478397414783984,0.35126264317770783,0.4292559072853106,86,7519,2080,780,18.69079337899666,41.7317758633246
New_ACMOT_Frozen,uav0000088_00290_v,0.22546464987350393,0.2309059222571774,0.22291514911198207,0.24559378126683598,0.28178546489767414,189,8491,1122,296,8.387196884000105,35.2918864423782
New_ACMOT_Frozen,uav0000119_02301_v,0.4681612216586471,0.33858430896305886,0.6507170327333069,0.3600374795033966,0.5883408071748879,8,2286,438,179,4.440883626996538,40.307293555688474
New_ACMOT_Frozen,uav0000120_04775_v,0.35712470150044134,0.29341280482251325,0.4391899901240338,0.2884081735620585,0.45311130587204207,148,18960,3458,1000,27.239457443997935,36.711450734873004
New_ACMOT_Frozen,uav0000161_00000_v,0.45407843556213257,0.3132079219151358,0.6621996061718666,0.2904245709123758,0.5411065515777558,6,4928,1350,308,7.576744875996155,40.65070225285969
New_ACMOT_Frozen,uav0000188_00000_v,0.23688700144446445,0.14797567085408445,0.3817128751090072,0.14293376240278896,0.29538074787891483,19,5871,502,260,4.9121317320007165,52.93017658834278
New_ACMOT_Frozen,uav0000201_00000_v,0.2089182234819098,0.23025977812363765,0.1905239213203606,0.20758928571428573,0.29470739100023313,84,7643,1503,677,15.112870615999327,44.79625460984825
New_ACMOT_Frozen,uav0000249_00001_v,0.3356852641390374,0.3149469997162581,0.36296014476040434,0.3695382494831151,0.4402801438576566,84,4217,273,360,8.003800276998618,44.978633591666544
New_ACMOT_Frozen,uav0000249_02688_v,0.3389574342126359,0.3139391470835929,0.36770217719939585,0.3286532421947164,0.4585910027888929,65,3074,495,244,6.6094165900003645,36.91702537999448
New_ACMOT_Frozen,uav0000297_00000_v,0.38943790155189867,0.36622921301753336,0.41810977287514195,0.37568639414277,0.5195493704440026,112,3265,716,146,4.786670078999123,30.50137101375663
New_ACMOT_Frozen,uav0000297_02761_v,0.36448642378374,0.2515498210881136,0.5480331208461076,0.24581687612208258,0.44461111527788194,81,18312,2611,373,13.570126655998138,27.4868473563679
New_ACMOT_Frozen,uav0000306_00230_v,0.36697760469959934,0.290809685384405,0.4726403742436561,0.2604646603274189,0.4981791697013838,46,5712,1786,420,10.641319664999855,39.46878894930798
New_ACMOT_Frozen,uav0000355_00001_v,0.4247897886762328,0.3126864766797745,0.5865693364351215,0.30155095243051944,0.5335743801652892,28,5204,1478,468,11.098865454999896,42.16647205045378
New_ACMOT_Frozen,uav0000370_00001_v,0.20202115418194488,0.12269142416421125,0.3334301535775263,0.15222101841820151,0.24283765347885403,6,1526,33,265,4.449555833001114,59.55650629992526
