sequence,HOTA,DetA,AssA,LocA,MOTA,IDF1,IDSW,CLR_FP,CLR_FN,Frag,mm_MOTA,mm_IDF1,mm_IDS,mm_FP,mm_FN,mm_GT
uav0000009_03358_v,62.1051306804975,55.00701304861022,71.53204266528287,79.32109008360044,63.57142857142857,78.71101012187565,112,2085,2240,227,63.637110016420365,78.71101012187565,104,2085,2240,12180
uav0000073_00600_v,52.915403468664266,51.09142064449951,54.98559751032822,79.84343252331382,58.70422131441268,72.15619061813034,99,2298,3365,195,58.75438973697413,72.15619061813034,98,2295,3362,13953
uav0000073_04464_v,44.71578423829423,33.96744798061169,60.79472905171597,76.64790999058899,34.80627033422065,54.37442614349691,75,3857,18110,256,34.80627033422065,54.37442614349691,75,3857,18110,33810
uav0000077_00720_v,58.888888379214386,56.30495479115463,61.88427866182751,85.1160749682806,62.85989639802434,69.5543083525916,78,1587,4501,133,62.85989639802434,69.5543083525916,78,1587,4501,16602
uav0000088_00290_v,46.09719395497187,47.505041649215585,45.02150591447533,75.81899898722031,55.847417362383766,61.13653438972748,161,3080,3264,338,55.867779814022946,61.13653438972748,154,3082,3266,14733
uav0000119_02301_v,66.33461295648716,58.544541955279705,75.67118570595674,83.56780246168442,67.96926454445665,83.04792552580163,10,520,929,25,68.01317233809002,83.04792552580163,8,520,929,4555
uav0000120_04775_v,55.96182836733456,50.97751490001966,62.36110715524327,80.8137300662381,55.47066501130106,70.53738427927007,237,7274,6477,479,55.464298220481965,70.53738427927007,235,7276,6479,31413
uav0000161_00000_v,60.40846697048092,49.53573178754194,74.43599027866132,83.64431305821408,56.52949704471952,70.8619711204994,27,898,2973,49,56.52949704471952,70.8619711204994,27,898,2973,8967
uav0000188_00000_v,53.59880939271938,43.38901716407126,66.81333209844965,77.20454081340553,47.98417963766267,70.18716577540107,45,1658,2374,74,48.111763204899205,70.18716577540107,37,1657,2373,7838
uav0000201_00000_v,47.335299290663905,45.62924825181091,49.357576119563014,77.88322496771303,43.760287296124496,62.97261567516526,116,3572,3829,289,43.87999401466407,62.97261567516526,100,3572,3829,13366
uav0000249_00001_v,61.37788252807783,55.87955136705961,67.69837810856151,81.53328550339785,62.60128527521655,82.44458518049397,23,2064,590,65,62.60128527521653,82.44458518049397,23,2064,590,7158
uav0000249_02688_v,55.92969165374034,52.21225564270695,60.03849766149752,82.25219957327961,52.24441030892643,75.95104688882336,26,2309,463,64,52.27854582693292,75.95104688882336,24,2309,463,5859
uav0000297_00000_v,56.52754926955069,52.38201739986296,61.18875073434895,81.81359227434466,53.29378321591892,72.37055955421408,83,2371,1325,153,53.30614262761093,72.37055955421408,82,2371,1325,8091
uav0000297_02761_v,62.752909264398426,56.33597853372547,70.89237566113586,80.62860450561116,68.83329096917099,81.04650952113492,92,4303,4188,197,69.10563201278188,81.04650952113492,83,4270,4155,27539
uav0000306_00230_v,55.42258287167237,49.49428765257963,62.69174360371066,78.84754633753927,56.11503531786075,74.71206810215322,67,2216,2066,151,56.11503531786075,74.71206810215322,63,2218,2068,9910
uav0000355_00001_v,49.82998727537559,36.76074324009889,68.33053004274042,83.96840447630754,39.08836031473275,57.64625384878549,27,1066,5642,69,39.08836031473275,57.64625384878549,27,1066,5642,11057
uav0000370_00001_v,46.88102208720646,44.152173235809464,50.009342862967024,80.82681739290123,50.82828282828283,59.8314606741573,23,258,936,36,50.90909090909091,59.8314606741573,21,258,936,2475
OVERALL,55.00098851063482,48.51219735775473,63.27467545371874,80.22709696707068,53.818636549806975,69.77509172926827,1301,41416,63272,2800,53.87266563837111,69.77509172926827,1239,41385,63241,229506
