split,protocol,detector,system,n_catastrophic,MOTA,HOTA,IDF1,IDS,FP,FN,Precision,Recall
conf16,internal,yolov8,"V4 (frozen, VisDrone-tuned)",0,20.553591912484727,34.0715368644945,38.063024698868475,295,14419,155662,80.30487221865566,27.414736959907486
conf16,internal,rtdetr,"V4 (frozen, VisDrone-tuned)",3,24.151100002797797,39.40220089056808,44.374648746728326,222,22458,139981,76.83094159763131,34.726794557340966
conf16,internal,yolov8,Shared static (raw 0.5),0,17.372023837279794,29.90491882530064,30.235357098110384,190,5744,171265,88.26150041894019,20.139050798772697
conf16,internal,rtdetr,Shared static (raw 0.5),3,22.255122310612062,39.27250759874468,45.00671089009318,532,36654,129541,69.84872539422705,39.59497141578147
conf16,internal,yolov8,Tracker default (raw 0.25),0,20.562451621326716,33.18461614767751,35.9675640700065,616,14146,155595,80.62324498322033,27.445979091087132
conf16,internal,rtdetr,Tracker default (raw 0.25),6,8.76551614798512,41.935439535148205,48.19707166755904,1467,103961,90228,54.44043700999619,57.92664161078833
conf16,internal,yolov8,E41 (rejected V5-TF lock),4,11.029404907346096,35.02565229398616,39.47545736109302,1211,56952,132638,58.958837772397096,38.1508388745372
conf16,internal,rtdetr,E41 (rejected V5-TF lock),5,4.307683699068332,41.54638224354442,47.80388059366117,1103,110120,93993,52.24237903383193,56.17102035867832
conf16,internal,yolov8,"V6-TF (ours, frozen)",0,20.197338356943682,33.5820636884086,37.90333625506738,334,16981,153825,78.12008761757505,28.27133091478825
conf16,internal,rtdetr,"V6-TF (ours, frozen)",1,26.630419577158737,39.71474702374797,45.95740948418988,312,23675,133357,77.40331386248235,37.815568839937704
